{
    "sys": {
        "A": [[-0.0179421,   7.8786421,  -32.168971,  -0.6506245],
              [-0.0002205,  -1.0189766,  -0.0000021,   0.9048397],
              [ 0.0      ,    0.0     ,   0.0      ,   1.0      ],
              [ 0.0005147,  -2.4977246,  -0.000324,   -1.3856115]],
        "B": [[26.132063,   0.1694361],
              [-0.0020568,  -0.0021484],
              [0.0       ,   0.0      ],       
              [0.0005869,  -0.1823125]],
        "C": [[0.9885542,   0.0145584,   0.0158688,  -0.0055494],
              [0.0000021,   0.9999993,   0.0000013,   0.0000032],
              [-0.000003,   -2.400e-08,   1.0000002,  -0.0000037],
              [0.0      ,    0.0      ,    0.0     ,     1.0    ],  
              [-0.0004274,   0.8704435,   0.0000292,   0.0382271],
              [0.0       ,   0.0      ,    0.0     ,     0.0    ],   
              [0.0035761,   15.878843,   0.0000951,   1.4846753]],
        "D": [[-0.0052616,   0.0068548],
              [-0.0000018,   0.0000016],
              [-0.0000013,   0.0000014],
              [0.0       ,   0.0      ], 
              [0.812946  ,  0.0065799 ],
              [0.0       ,   0.0      ], 
              [0.0001447 ,  0.0332785]],
        "input_names": ["throttle_u", "elev_deg"],
        "state_names": ["V_fps", "alpha_rad", "theta_rad", "q_rps"],
        "output_names": ["V_fps", "alpha_rad", "theta_rad", "q_rps", 
                         "nxb_g", "nyb_g", "nzb_g"]

    },
    "trim": {
        "throttle_u": 0.1485162,
        "elev_deg": -1.9305212,
        "alpha_deg": 2.2553544,
        "theta_deg": 2.2553544,
        "q_dps": 0.0,
        "TAS_fps": 502.0,
        "nxb_g": 0.0393528,
        "nyb_g": 0.0,
        "nzb_g": 0.9992081,
        "altitude_ft": 0.0,
        "xcg_mac": 0.3
    }
}