{
    "sys": {
        "A": [[-0.0152827,   18.832685,  -32.170158,  -0.0001952],
              [  -0.0009885,  -0.6354411,  -0.000053,    1.0000305],
              [   1.799e-17,   0.0       ,   0.0      ,    1.0       ],
              [   0.0000851,  -0.7754814,   0.0000045,  -0.5297807]],
        "B": [[  9.9684819,  -0.0014153],
              [   -0.0065569,  -0.0000725],
              [   -2.562e-17,  -2.498e-17],
              [    0.0255867,  -0.0110233]],
        "C": [[  0.9918411,   0.0146068,   0.0159216,  -0.0055678],
              [ 0.0000033,   1.0000155,   0.0000046,  -0.0000132],
              [-0.0000097,  -0.0000165,   0.9999907,   0.0000077],
              [1.799e-17,   0.0,          0.0       ,   1.0       ],
              [0.000773,    1.373903,    0.0000622,  -0.0000532],
              [0.0       ,   0.0      ,    0.0       ,   0.0      ],
              [0.0075212,   4.7789539,  -0.0001694,  -0.0004403]],
        "D": [[   -0.0052791,   0.0068775],
              [     -0.0000122,   0.000009], 
              [     -0.0000273,   0.0000117],
              [     -2.562e-17,  -2.498e-17],
              [      0.3140201,   0.0000631],
              [      0.0       ,   0.0       ],
              [      0.0004989,   0.0008925]],
        "input_names": ["throttle_u", "elev_deg"],
        "state_names": ["V_fps", "alpha_rad", "theta_rad", "q_rps"],
        "output_names": ["V_fps", "alpha_rad", "theta_rad", "q_rps", 
                         "nxb_g", "nyb_g", "nzb_g"]

    },
    "trim": {
        "throttle_u": 0.1845,
        "elev_deg": -9.2184,
        "alpha_deg": 9.2773326,
        "theta_deg": 9.2773326,
        "q_dps": 0.0,
        "TAS_fps": 250.0,
        "nxb_g": 0.1612147,
        "nyb_g": 0.0,
        "nzb_g": 0.9869204,
        "altitude_ft": 0.0,
        "xcg_mac": 0.3
    }
}